{
  "standard": {
    "gpt2_embd=256_layer=12_head=8": {
      "mean": [
        5.265294551849365,
        4.815415859222412,
        4.828176021575928,
        5.36112117767334,
        4.233705997467041,
        3.693936586380005,
        3.370868682861328,
        1.9870010614395142,
        1.6324617862701416,
        1.055304765701294,
        0.38305729627609253,
        0.13777685165405273,
        0.09441741555929184,
        0.0704878568649292,
        0.035697270184755325,
        0.03503339737653732,
        0.02795351669192314,
        0.03589576482772827,
        0.024427488446235657,
        0.020021189004182816,
        0.019572412595152855
      ],
      "std": [
        9.297971725463867,
        8.630523681640625,
        10.505668640136719,
        11.684684753417969,
        10.3649263381958,
        9.00302505493164,
        8.152838706970215,
        5.119680881500244,
        5.258713245391846,
        3.7436845302581787,
        1.6978752613067627,
        0.48006194829940796,
        0.46783459186553955,
        0.4424600601196289,
        0.1214834526181221,
        0.13516588509082794,
        0.08799009770154953,
        0.31436556577682495,
        0.07336847484111786,
        0.04261143505573273,
        0.041696976870298386
      ],
      "bootstrap_low": [
        4.8400983810424805,
        4.433320045471191,
        4.347557067871094,
        4.845171928405762,
        3.773331880569458,
        3.301903486251831,
        3.0325064659118652,
        1.7667779922485352,
        1.3874428272247314,
        0.8968896865844727,
        0.3111218810081482,
        0.11727042496204376,
        0.07499866187572479,
        0.050872962921857834,
        0.03047618269920349,
        0.028994470834732056,
        0.024058416485786438,
        0.024665232747793198,
        0.020983509719371796,
        0.01798355206847191,
        0.01775272749364376
      ],
      "bootstrap_high": [
        5.678284645080566,
        5.198370456695557,
        5.316864013671875,
        5.902212619781494,
        4.709670066833496,
        4.155097961425781,
        3.786353349685669,
        2.2041354179382324,
        1.882490873336792,
        1.2426300048828125,
        0.4662838876247406,
        0.16013166308403015,
        0.11826964467763901,
        0.09225521236658096,
        0.04152219370007515,
        0.04157640039920807,
        0.03232615441083908,
        0.053186703473329544,
        0.027755510061979294,
        0.021972935646772385,
        0.021561896428465843
      ]
    },
    "kernel_2_driver=None": {
      "mean": [
        5.534746170043945,
        5.690997123718262,
        4.985189914703369,
        4.393930912017822,
        4.106986045837402,
        3.3442955017089844,
        2.8777239322662354,
        2.2525649070739746,
        1.7341892719268799,
        0.878633975982666,
        1.0197057918048813e-06,
        1.3858132523469902e-11,
        3.1660451170478776e-12,
        1.5108550261572207e-12,
        8.846849576700511e-13,
        7.769987995023819e-13,
        6.205964561689647e-13,
        5.597407845385483e-13,
        5.934124719386702e-13,
        4.59684102848551e-13,
        4.568992753584133e-13
      ],
      "std": [
        9.581181526184082,
        12.240565299987793,
        10.494682312011719,
        8.607758522033691,
        10.101256370544434,
        8.41830825805664,
        8.295247077941895,
        5.323235034942627,
        6.107945919036865,
        4.405820846557617,
        2.579025021987036e-05,
        1.9994471356366006e-10,
        1.8437119886360875e-11,
        1.11301298039157e-11,
        3.180944873823477e-12,
        4.581466282738145e-12,
        2.703346227428405e-12,
        2.903682719615497e-12,
        2.9212530831823624e-12,
        1.2802725459643005e-12,
        1.5832338695273562e-12
      ],
      "bootstrap_low": [
        5.096828460693359,
        5.128116607666016,
        4.531184673309326,
        4.024401664733887,
        3.668776035308838,
        2.9635863304138184,
        2.5103535652160645,
        2.0137546062469482,
        1.463805913925171,
        0.6989517211914062,
        3.9397449191902467e-10,
        6.186344405495481e-12,
        2.433500666601529e-12,
        1.0597954805402487e-12,
        7.444672591068457e-13,
        5.960363496163024e-13,
        5.123643479973405e-13,
        4.4813778339244936e-13,
        4.703487490979874e-13,
        4.023339821024319e-13,
        3.927750052284962e-13
      ],
      "bootstrap_high": [
        5.982107639312744,
        6.310810089111328,
        5.470269203186035,
        4.813661575317383,
        4.56998348236084,
        3.7305335998535156,
        3.2947745323181152,
        2.5097477436065674,
        2.015489339828491,
        1.0971730947494507,
        2.4968924208224053e-06,
        2.380861653661359e-11,
        4.0292691058652075e-12,
        2.021166003660091e-12,
        1.0257024179657903e-12,
        1.0146719619033573e-12,
        7.627684833581838e-13,
        7.059862677100126e-13,
        7.471140134503174e-13,
        5.20173368354776e-13,
        5.265567712756103e-13
      ]
    },
    "OLS_driver=None": {
      "mean": [
        4.8232831954956055,
        4.0561041831970215,
        3.312307834625244,
        2.145446300506592,
        0.9889551997184753,
        6.825094378548613e-10,
        1.2107641278458203e-12,
        5.100960886322836e-13,
        4.279774505708961e-13,
        3.172990028273842e-13,
        2.7963747853756993e-13,
        2.3963432150067576e-13,
        2.6034673006845865e-13,
        2.207270553399726e-13,
        2.230392248930152e-13,
        2.1662372958787535e-13,
        2.0411566859467045e-13,
        1.816224308535258e-13,
        1.999912415577912e-13,
        2.0904302865543817e-13,
        1.998500377773521e-13
      ],
      "std": [
        8.011890411376953,
        8.642667770385742,
        6.51753568649292,
        4.873387813568115,
        2.728303909301758,
        1.175139274778303e-08,
        8.325509552598032e-12,
        1.7646167730159257e-12,
        2.367458876509354e-12,
        1.0670743802454474e-12,
        7.714578758796775e-13,
        6.23337915572203e-13,
        8.07530041099791e-13,
        6.368767817808985e-13,
        6.312197943156295e-13,
        5.744387170797394e-13,
        4.9526073346573e-13,
        4.1165530186015875e-13,
        5.24372103898052e-13,
        5.606734694574289e-13,
        4.785970339656054e-13
      ],
      "bootstrap_low": [
        4.462099075317383,
        3.6834824085235596,
        3.01963472366333,
        1.9347317218780518,
        0.874477744102478,
        1.9241266913105903e-10,
        8.826145652014727e-13,
        4.3718839854746394e-13,
        3.3354994656044357e-13,
        2.7036416183102985e-13,
        2.460089152788586e-13,
        2.1201852665013454e-13,
        2.2542757320120205e-13,
        1.9239633757689445e-13,
        1.9521659137301806e-13,
        1.9175192846315053e-13,
        1.819930924712443e-13,
        1.6356076107219841e-13,
        1.7705826496801358e-13,
        1.8365520150671888e-13,
        1.7842476628116e-13
      ],
      "bootstrap_high": [
        5.204586505889893,
        4.49155855178833,
        3.610792875289917,
        2.380089521408081,
        1.1113202571868896,
        1.2636495183571128e-09,
        1.6384171580216544e-12,
        6.047794101453341e-13,
        5.542554262771837e-13,
        3.6940554239660306e-13,
        3.1766998970575444e-13,
        2.7077350236125175e-13,
        3.0319716464062563e-13,
        2.51265533986883e-13,
        2.532812013508051e-13,
        2.4386650468097293e-13,
        2.264242124957322e-13,
        2.0152712235533415e-13,
        2.254133023901067e-13,
        2.354208950179626e-13,
        2.2299488102416054e-13
      ]
    },