{
  "standard": {
    "gpt2_embd=256_layer=12_head=8": {
      "mean": [
        62.46559524536133,
        66.22373962402344,
        48.10037612915039,
        37.449851989746094,
        37.63003921508789,
        26.219650268554688,
        25.282215118408203,
        17.658809661865234,
        14.336285591125488,
        17.452045440673828,
        5.194188117980957,
        5.349433898925781,
        5.546957492828369,
        3.0724151134490967,
        2.366314649581909,
        3.5628561973571777,
        2.2404587268829346,
        2.9018008708953857,
        2.333623170852661,
        2.249342203140259,
        2.075192928314209
      ],
      "std": [
        164.89454650878906,
        226.84803771972656,
        134.1611785888672,
        103.49202728271484,
        173.49990844726562,
        94.67949676513672,
        100.46512603759766,
        56.54032897949219,
        91.6872329711914,
        286.35015869140625,
        18.974435806274414,
        39.42660903930664,
        65.51898956298828,
        13.848170280456543,
        11.551565170288086,
        29.536283493041992,
        10.191499710083008,
        14.776260375976562,
        11.067781448364258,
        11.5035982131958,
        11.483954429626465
      ],
      "bootstrap_low": [
        55.30626678466797,
        57.215110778808594,
        42.085201263427734,
        32.88005447387695,
        30.826406478881836,
        22.220684051513672,
        21.052520751953125,
        15.17912483215332,
        10.873737335205078,
        8.515433311462402,
        4.3605828285217285,
        3.6962852478027344,
        3.283529758453369,
        2.4821717739105225,
        1.8872277736663818,
        2.4571588039398193,
        1.8146355152130127,
        2.256007671356201,
        1.8544412851333618,
        1.7214534282684326,
        1.5811693668365479
      ],
      "bootstrap_high": [
        70.28907012939453,
        77.03095245361328,
        54.185813903808594,
        42.22092056274414,
        46.74968719482422,
        30.730743408203125,
        29.987079620361328,
        20.48575210571289,
        19.530763626098633,
        33.2642936706543,
        6.180044651031494,
        7.348626613616943,
        8.98697280883789,
        3.744533061981201,
        2.9483232498168945,
        5.049787998199463,
        2.728694200515747,
        3.6779563426971436,
        2.8893160820007324,
        2.7536404132843018,
        2.621354579925537
      ]
    },
    "kernel_2_driver=None": {
      "mean": [
        71.30880737304688,
        56.77729034423828,
        42.480552673339844,
        39.51748275756836,
        31.993427276611328,
        24.422189712524414,
        17.070560455322266,
        14.732515335083008,
        11.206626892089844,
        3.7547576427459717,
        3.208867838111473e-07,
        1.3218263983372225e-10,
        4.883748960793355e-11,
        1.9456025332487137e-11,
        1.8469399620801852e-11,
        1.1012545909905302e-11,
        1.024173801322803e-11,
        8.289033522068667e-12,
        8.24114561315259e-12,
        6.913577349498823e-12,
        7.294347417752256e-12
      ],
      "std": [
        192.6956787109375,
        142.32298278808594,
        111.08265686035156,
        104.8125,
        122.90279388427734,
        78.94523620605469,
        51.36995315551758,
        62.137062072753906,
        41.884178161621094,
        12.310887336730957,
        7.427135642501526e-06,
        1.2795386972186407e-09,
        3.53853307766272e-10,
        8.083807234715579e-11,
        8.670205525751484e-11,
        3.1612504280964515e-11,
        3.311169741171405e-11,
        2.00689135448906e-11,
        2.372848618981127e-11,
        2.572789377375262e-11,
        3.2686735262910105e-11
      ],
      "bootstrap_low": [
        62.686119079589844,
        50.04595184326172,
        37.65614700317383,
        35.00109100341797,
        26.864126205444336,
        21.022098541259766,
        14.833465576171875,
        12.178619384765625,
        9.400215148925781,
        3.195570707321167,
        4.787035479125734e-08,
        7.936055285151511e-11,
        3.431463446723626e-11,
        1.603198303279374e-11,
        1.468726355813299e-11,
        9.633179670620606e-12,
        8.762588744881672e-12,
        7.374606134091799e-12,
        7.216781859609167e-12,
        5.79884274279352e-12,
        6.012872925259538e-12
      ],
      "bootstrap_high": [
        80.62044525146484,
        63.68364715576172,
        47.50891876220703,
        44.524314880371094,
        38.19775390625,
        28.463348388671875,
        19.36814308166504,
        17.548480987548828,
        13.269460678100586,
        4.325160503387451,
        7.155406933634367e-07,
        1.9704460285652203e-10,
        6.729014567774527e-11,
        2.3381815580925114e-11,
        2.260069388582142e-11,
        1.2499587302705617e-11,
        1.1860690381226835e-11,
        9.256555591474758e-12,
        9.359337957426384e-12,
        8.146724614355172e-12,
        9.092809838406879e-12
      ]
    },
    "kernel_3_driver=None": {
      "mean": [
        67.7310562133789,
        59.835609436035156,
        62.0752067565918,
        61.30585861206055,
        54.75400924682617,
        55.0419807434082,
        42.22015380859375,
        38.46281814575195,
        31.59066390991211,
        35.5830192565918,
        26.562108993530273,
        22.44985008239746,
        19.365270614624023,
        10.452554702758789,
        4.0436811447143555,
        8.865730904972224e-08,
        8.108902993519962e-10,
        5.100857514150903e-10,
        1.1446603387366139e-10,
        5.241340000905481e-11,
        9.366452058401364e-11
      ],
      "std": [
        158.22625732421875,
        153.3243865966797,
        172.2638397216797,
        188.05992126464844,
        189.86415100097656,
        222.48292541503906,
        128.080322265625,
        144.22767639160156,
        123.32644653320312,
        200.94700622558594,
        107.9886245727539,
        107.86146545410156,
        97.70287322998047,
        58.6907844543457,
        21.48244285583496,
        1.4035613276064396e-06,
        8.265844009258672e-09,
        8.825096209363892e-09,
        1.019503592658566e-09,
        3.0390359673226897e-10,
        1.0259113558674926e-09
      ],
      "bootstrap_low": [
        60.772178649902344,
        52.923789978027344,
        54.87296676635742,
        52.72132110595703,
        46.97382736206055,
        44.866844177246094,
        36.62836456298828,
        32.52802276611328,
        26.261682510375977,
        27.585948944091797,
        21.830013275146484,
        17.779163360595703,
        15.282678604125977,
        7.783425807952881,
        3.1604878902435303,
        3.3158720214032655e-08,
        4.801138375754022e-10,
        2.1244250802965325e-10,
        7.176902128147589e-11,
        3.981241725181661e-11,
        5.245862771952048e-11
      ],
      "bootstrap_high": [
        75.0617446899414,
        66.85677337646484,
        70.39161682128906,
        70.22996520996094,
        63.575782775878906,
        65.90409851074219,
        48.85162353515625,
        45.473609924316406,
        37.942359924316406,
        46.04936599731445,
        31.716522216796875,
        26.9708309173584,
        24.16300392150879,
        13.21985149383545,
        5.166505336761475,
        1.6437245164979686e-07,
        1.2205000343712413e-09,
        9.881693241453604e-10,
        1.6403875480186514e-10,
        6.705068444912143e-11,
        1.4520767921410993e-10
      ]
    },