{"overall_loss": 23.737058639526367, "excess_loss": 6.895050366719564, "pointwise/loss": {"0": 94.69721984863281, "1": 90.48859405517578, "2": 72.82136535644531, "3": 84.1809310913086, "4": 74.50055694580078, "5": 64.25477600097656, "6": 46.66943359375, "7": 35.334144592285156, "8": 42.768089294433594, "9": 55.16838073730469, "10": 50.81844711303711, "11": 31.26720428466797, "12": 47.33513641357422, "13": 61.0317268371582, "14": 49.70599365234375, "15": 38.20465087890625, "16": 21.497520446777344, "17": 28.93578338623047, "18": 37.82286071777344, "19": 24.711021423339844, "20": 48.519500732421875, "21": 26.960691452026367, "22": 20.60135841369629, "23": 18.349876403808594, "24": 29.302141189575195, "25": 34.34319305419922, "26": 20.682952880859375, "27": 25.396425247192383, "28": 20.889047622680664, "29": 21.61907958984375, "30": 14.862887382507324, "31": 11.875022888183594, "32": 14.85176944732666, "33": 14.733335494995117, "34": 9.95799732208252, "35": 11.51634407043457, "36": 8.736488342285156, "37": 5.898689270019531, "38": 7.29499626159668, "39": 3.150540828704834, "40": 3.0104637145996094, "41": 4.663110733032227, "42": 2.392669439315796, "43": 1.4414570331573486, "44": 1.6476595401763916, "45": 1.4464550018310547, "46": 0.7067850828170776, "47": 1.0892188549041748, "48": 0.8615529537200928, "49": 0.8309881687164307, "50": 0.5967097282409668, "51": 0.874677836894989, "52": 0.8432703018188477, "53": 0.7178139686584473, "54": 0.7327304482460022, "55": 0.619780421257019, "56": 0.7991952896118164, "57": 1.0526350736618042, "58": 0.7549039125442505, "59": 0.4581007659435272, "60": 0.6643661260604858}, "n_points": 61, "n_dims": 20, "_timestamp": 1699735844, "_runtime": 48554, "_step": 267000}