{"overall_loss": 4.196479320526123, "excess_loss": 5.875071048736572, "pointwise/loss": {"0": 23.828781127929688, "1": 13.80551528930664, "2": 15.711095809936523, "3": 11.041112899780273, "4": 5.452934265136719, "5": 4.778359889984131, "6": 5.065927505493164, "7": 2.1674892902374268, "8": 2.318223714828491, "9": 2.250009298324585, "10": 0.4098564088344574, "11": 0.7887858152389526, "12": 0.10884566605091095, "13": 0.05226043611764908, "14": 0.06723406910896301, "15": 0.10967133939266205, "16": 0.02089996263384819, "17": 0.04734338819980621, "18": 0.03365948423743248, "19": 0.026325564831495285, "20": 0.04173724353313446}, "n_points": 21, "n_dims": 5, "_timestamp": 1699730245, "_runtime": 45809, "_step": 500000, "_wandb": {"runtime": 45814}}