{"overall_loss": 1.5425498485565186, "excess_loss": 4.216302919387817, "pointwise/loss": {"0": 5.088732719421387, "1": 4.116418361663818, "2": 3.804077625274658, "3": 4.112746238708496, "4": 5.688281536102295, "5": 3.0236759185791016, "6": 3.246701717376709, "7": 2.403484344482422, "8": 3.4895660877227783, "9": 2.6089539527893066, "10": 3.5199952125549316, "11": 1.4528813362121582, "12": 1.2032157182693481, "13": 1.1198431253433228, "14": 0.9019807577133179, "15": 1.4607311487197876, "16": 1.055840015411377, "17": 0.9447644948959351, "18": 0.9978768825531006, "19": 0.8155877590179443, "20": 1.3403619527816772, "21": 0.4237267076969147, "22": 0.5872958302497864, "23": 0.57430499792099, "24": 0.6085524559020996, "25": 1.6461923122406006, "26": 0.3452974557876587, "27": 0.5800718069076538, "28": 0.4576689600944519, "29": 0.6511694192886353, "30": 0.4203900992870331, "31": 0.6761253476142883, "32": 0.43208158016204834, "33": 0.28684043884277344, "34": 0.2342042475938797, "35": 0.498043030500412, "36": 0.5399250388145447, "37": 0.36665841937065125, "38": 0.4489804804325104, "39": 0.5527775287628174, "40": 0.5185208320617676}, "n_points": 41, "n_dims": 5, "_timestamp": 1699735850, "_runtime": 48497, "_step": 358500}