{"overall_loss": 5.964141845703125, "excess_loss": 8.349798583984375, "pointwise/loss": {"0": 28.495227813720703, "1": 22.117843627929688, "2": 20.308704376220703, "3": 15.198356628417969, "4": 8.595540046691895, "5": 7.363414764404297, "6": 5.3068671226501465, "7": 11.340381622314453, "8": 3.4474921226501465, "9": 0.9305542707443237, "10": 0.7106713056564331, "11": 0.8537335991859436, "12": 0.09293144196271896, "13": 0.08353281021118164, "14": 0.09464335441589355, "15": 0.11834101378917694, "16": 0.04291287809610367, "17": 0.03314635530114174, "18": 0.06125272810459137, "19": 0.026767587289214134, "20": 0.024661023169755936}, "n_points": 21, "n_dims": 5, "_timestamp": 1699668049, "_runtime": 4256, "_step": 150000, "_wandb": {"runtime": 4259}}