{
  "standard": {
    "gpt2_embd=256_layer=12_head=8": {
      "mean": [
        64.53483581542969,
        62.98811721801758,
        44.54271697998047,
        39.61247253417969,
        33.215118408203125,
        26.96026611328125,
        20.803136825561523,
        16.857759475708008,
        12.905673027038574,
        10.44111156463623,
        9.502100944519043,
        5.4519243240356445,
        5.669482707977295,
        3.6002535820007324,
        2.2604565620422363,
        3.5431594848632812,
        3.685030460357666,
        4.264662742614746,
        2.712780714035034,
        5.930239677429199,
        3.498537540435791
      ],
      "std": [
        144.0115509033203,
        189.17572021484375,
        107.04315185546875,
        119.06414031982422,
        93.18318176269531,
        70.59288024902344,
        58.7546501159668,
        42.79665756225586,
        42.93109893798828,
        39.79909133911133,
        48.274749755859375,
        25.047155380249023,
        29.35539436340332,
        17.92743492126465,
        7.180184364318848,
        22.940603256225586,
        30.437026977539062,
        52.68971252441406,
        14.126460075378418,
        75.06768798828125,
        17.17201042175293
      ],
      "bootstrap_low": [
        58.28351974487305,
        54.952308654785156,
        39.84239196777344,
        34.500030517578125,
        29.1975040435791,
        23.77597427368164,
        18.231813430786133,
        14.940351486206055,
        11.042753219604492,
        8.63792896270752,
        7.479820251464844,
        4.375308036804199,
        4.4270477294921875,
        2.833948850631714,
        1.9357668161392212,
        2.557997941970825,
        2.484685182571411,
        2.3337924480438232,
        2.127699613571167,
        2.8916049003601074,
        2.757087469100952
      ],
      "bootstrap_high": [
        71.5231704711914,
        71.99647521972656,
        49.621978759765625,
        45.14942169189453,
        37.75469970703125,
        30.254018783569336,
        23.705379486083984,
        18.90291976928711,
        15.093347549438477,
        12.286286354064941,
        11.878522872924805,
        6.728562831878662,
        7.076849460601807,
        4.472752571105957,
        2.615316867828369,
        4.710877895355225,
        5.253192901611328,
        7.0140557289123535,
        3.4203903675079346,
        9.854852676391602,
        4.40664005279541
      ]
    },
    "kernel_2_driver=None": {
      "mean": [
        66.70957946777344,
        50.40960693359375,
        48.89304733276367,
        37.18907165527344,
        27.724746704101562,
        22.931686401367188,
        19.599254608154297,
        13.655868530273438,
        7.366326808929443,
        5.1752028465271,
        2.3891180589430405e-08,
        4.257947328056844e-09,
        4.7764497218549806e-11,
        2.2499760735095187e-11,
        2.1314014789219904e-11,
        1.48740637861966e-11,
        1.1656975731910713e-11,
        7.816520000702987e-12,
        7.545729666103007e-12,
        7.530698287183668e-12,
        7.155213921361536e-12
      ],
      "std": [
        168.93382263183594,
        130.7044219970703,
        137.63040161132812,
        117.230712890625,
        65.53984069824219,
        73.86627197265625,
        59.54768371582031,
        38.375755310058594,
        21.131431579589844,
        25.174938201904297,
        4.329494345256535e-07,
        1.4015013505286333e-07,
        2.9060201467423497e-10,
        1.0993309734752543e-10,
        1.4130248360277875e-10,
        6.900029853040834e-11,
        4.779282525291251e-11,
        2.3535704635202492e-11,
        3.507892934462298e-11,
        2.6193639271476776e-11,
        2.2207765140724867e-11
      ],
      "bootstrap_low": [
        58.894065856933594,
        44.8520393371582,
        42.8526725769043,
        32.630706787109375,
        24.827898025512695,
        19.824398040771484,
        17.0288028717041,
        11.784927368164062,
        6.4558563232421875,
        4.062447547912598,
        6.103020755432453e-09,
        1.875719857213909e-10,
        3.5263531678042526e-11,
        1.7983645822505778e-11,
        1.6111671025109686e-11,
        1.1684909984044367e-11,
        9.470544140577353e-12,
        6.780047443616377e-12,
        6.204508261331565e-12,
        6.322902704886113e-12,
        6.212742993672027e-12
      ],
      "bootstrap_high": [
        75.22700500488281,
        57.0211181640625,
        55.20006561279297,
        42.931373596191406,
        30.749170303344727,
        26.66437339782715,
        22.628231048583984,
        15.466352462768555,
        8.371737480163574,
        6.454946994781494,
        4.6352759852652525e-08,
        1.1996263538094354e-08,
        6.205917724155796e-11,
        2.777966225109285e-11,
        2.8604323770720086e-11,
        1.8117222999602944e-11,
        1.411927779554345e-11,
        8.98115522923737e-12,
        9.38567626396214e-12,
        8.731062747791007e-12,
        8.278868042499443e-12
      ]
    },
    "kernel_3_driver=None": {
      "mean": [
        63.185935974121094,
        67.60078430175781,
        57.05903244018555,
        66.03645324707031,
        62.0667839050293,
        57.483428955078125,
        40.37598419189453,
        41.28459548950195,
        36.814208984375,
        27.7049503326416,
        29.056041717529297,
        21.794254302978516,
        17.310081481933594,
        11.533185005187988,
        6.9701032638549805,
        1.2532136395293492e-07,
        5.136981950926156e-10,
        2.3404309046348715e-10,
        9.722704585879427e-11,
        5.373378825224151e-11,
        5.7674344466907e-11
      ],
      "std": [
        154.07420349121094,
        220.0458526611328,
        168.8327178955078,
        229.1337890625,
        220.97952270507812,
        241.79847717285156,
        121.44526672363281,
        168.5626220703125,
        159.13446044921875,
        116.37457275390625,
        156.44528198242188,
        107.73286437988281,
        141.8710174560547,
        72.1261215209961,
        54.879390716552734,
        2.6928769329970237e-06,
        3.865709086170455e-09,
        1.709633989932513e-09,
        8.83913331417574e-10,
        3.060604825133595e-10,
        4.5861359154741876e-10
      ],
      "bootstrap_low": [
        56.3353157043457,
        57.3859977722168,
        49.85300827026367,
        56.36957550048828,
        52.61846160888672,
        47.135475158691406,
        34.470062255859375,
        33.8494873046875,
        30.010446548461914,
        22.636619567871094,
        22.916372299194336,
        17.119403839111328,
        11.991547584533691,
        8.634552955627441,
        4.723354339599609,
        1.995693388323616e-08,
        3.5246733309790557e-10,
        1.6097342903087508e-10,
        6.215768177941783e-11,
        4.20089275865454e-11,
        3.9069896623500355e-11
      ],
      "bootstrap_high": [
        70.68912506103516,
        77.59097290039062,
        65.10298919677734,
        76.55020141601562,
        73.17049407958984,
        68.41700744628906,
        45.67436981201172,
        49.086647033691406,
        45.39146041870117,
        33.491886138916016,
        37.20897674560547,
        27.2739315032959,
        24.649799346923828,
        15.23231315612793,
        9.667863845825195,
        2.5612393983465154e-07,
        7.103292398724648e-10,
        3.2911801062240897e-10,
        1.4082632282530483e-10,
        6.735170754446074e-11,
        8.067587570215196e-11
      ]
    },