{
  "standard": {
    "gpt2_embd=256_layer=12_head=8": {
      "mean": [
        16.019390106201172,
        11.169172286987305,
        10.257556915283203,
        9.753034591674805,
        6.48779296875,
        5.535959720611572,
        4.333962440490723,
        3.2375762462615967,
        1.8635311126708984,
        1.114790916442871,
        0.344388484954834,
        0.13863101601600647,
        0.11377398669719696,
        0.07431541383266449,
        0.06223803758621216,
        0.0585818812251091,
        0.03300029784440994,
        0.03190123289823532,
        0.03324121609330177,
        0.028471585363149643,
        0.025588393211364746
      ],
      "std": [
        60.41242980957031,
        27.456056594848633,
        25.920757293701172,
        31.008203506469727,
        18.814916610717773,
        17.101274490356445,
        15.19903564453125,
        12.877584457397461,
        6.8960137367248535,
        5.673437595367432,
        1.6190060377120972,
        0.6813376545906067,
        0.7793596386909485,
        0.41520562767982483,
        0.36350637674331665,
        0.3523752689361572,
        0.08544006198644638,
        0.09427148103713989,
        0.10066850483417511,
        0.09225563704967499,
        0.07160904258489609
      ],
      "bootstrap_low": [
        13.553976058959961,
        9.922691345214844,
        9.1474027633667,
        8.403444290161133,
        5.66220760345459,
        4.782412528991699,
        3.6735904216766357,
        2.6477794647216797,
        1.5520849227905273,
        0.8585852384567261,
        0.27787333726882935,
        0.11046229302883148,
        0.08034961670637131,
        0.05850253626704216,
        0.04647192731499672,
        0.044172532856464386,
        0.029084820300340652,
        0.02791108749806881,
        0.02853572368621826,
        0.02444349229335785,
        0.022367682307958603
      ],
      "bootstrap_high": [
        18.92397689819336,
        12.565661430358887,
        11.505043983459473,
        11.314037322998047,
        7.447182655334473,
        6.339163780212402,
        5.054929733276367,
        3.8447329998016357,
        2.209848642349243,
        1.3790782690048218,
        0.42540282011032104,
        0.17173011600971222,
        0.15417924523353577,
        0.0966205969452858,
        0.08091374486684799,
        0.07614318281412125,
        0.037128519266843796,
        0.036315836012363434,
        0.0381941944360733,
        0.032632976770401,
        0.02900877594947815
      ]
    },
    "kernel_2_driver=None": {
      "mean": [
        13.904553413391113,
        14.477865219116211,
        10.758183479309082,
        9.34315013885498,
        7.945381164550781,
        6.207360744476318,
        6.925232887268066,
        3.739454746246338,
        2.661259889602661,
        1.1345598697662354,
        1.6999058161104585e-08,
        3.073879692450099e-11,
        7.809804018765742e-12,
        2.9470449518231856e-12,
        3.227126899041366e-12,
        2.1368787815612134e-12,
        2.349211320265554e-12,
        1.8600947605112994e-12,
        1.7228638220928572e-12,
        1.6736275993550764e-12,
        1.2926569536997334e-12
      ],
      "std": [
        37.42990493774414,
        37.924373626708984,
        29.695785522460938,
        26.155210494995117,
        18.43575096130371,
        17.685394287109375,
        31.34494400024414,
        12.430848121643066,
        9.385788917541504,
        3.5973825454711914,
        3.476697543192131e-07,
        2.7169808070048873e-10,
        4.830608829609062e-11,
        8.95722905569496e-12,
        1.767814887532193e-11,
        6.32215807483405e-12,
        1.1360305925134373e-11,
        1.0369168197688072e-11,
        6.52643434087552e-12,
        6.2432849688709435e-12,
        3.9829641321209586e-12
      ],
      "bootstrap_low": [
        12.131189346313477,
        12.725669860839844,
        9.424715042114258,
        8.192596435546875,
        7.151944160461426,
        5.446872711181641,
        5.58840274810791,
        3.203650712966919,
        2.254051446914673,
        0.9754125475883484,
        3.1161797586776174e-09,
        1.888475313627236e-11,
        5.684377447912059e-12,
        2.562088345300917e-12,
        2.4726720237316924e-12,
        1.8607402944847973e-12,
        1.853096886009209e-12,
        1.4325861460648404e-12,
        1.4342188461163863e-12,
        1.407851591382625e-12,
        1.1045310716398249e-12
      ],
      "bootstrap_high": [
        15.733362197875977,
        16.242834091186523,
        12.22824764251709,
        10.61286735534668,
        8.825800895690918,
        7.011141300201416,
        8.3602876663208,
        4.314218044281006,
        3.0981264114379883,
        1.30550217628479,
        3.506487900040156e-08,
        4.5119845359931077e-11,
        1.0090253285688355e-11,
        3.3718197504917224e-12,
        4.028061304645059e-12,
        2.43156428152147e-12,
        2.9160278792322858e-12,
        2.3473961489883788e-12,
        2.0215038410570374e-12,
        1.9901125018761956e-12,
        1.4926466096118474e-12
      ]
    },
    "OLS_driver=None": {
      "mean": [
        14.529742240905762,
        17.040096282958984,
        14.739558219909668,
        24.093460083007812,
        3739.31982421875,
        22927.18359375,
        77.16377258300781,
        39.127628326416016,
        28.823375701904297,
        22.820804595947266,
        16.981178283691406,
        16.95773696899414,
        18.935787200927734,
        14.93677806854248,
        17.15679931640625,
        16.967660903930664,
        16.651798248291016,
        14.421140670776367,
        12.403569221496582,
        11.340947151184082,
        13.155351638793945
      ],
      "std": [
        36.30284118652344,
        66.98211669921875,
        56.18282699584961,
        85.88766479492188,
        128741.8359375,
        657781.6875,
        804.7760620117188,
        231.47268676757812,
        145.738525390625,
        84.43907165527344,
        48.045440673828125,
        57.652565002441406,
        73.40210723876953,
        38.34126281738281,
        63.48857879638672,
        70.592041015625,
        57.65055847167969,
        55.4522819519043,
        39.787925720214844,
        32.77888107299805,
        43.476890563964844
      ],
      "bootstrap_low": [
        12.838147163391113,
        14.265225410461426,
        12.533334732055664,
        20.49417495727539,
        58.833351135253906,
        2993.997314453125,
        47.40150833129883,
        29.465347290039062,
        22.783042907714844,
        19.1075382232666,
        14.784756660461426,
        14.443990707397461,
        15.7081880569458,
        13.172703742980957,
        14.263522148132324,
        13.996587753295898,
        14.089208602905273,
        11.945302963256836,
        10.650457382202148,
        9.844557762145996,
        11.266777038574219
      ],
      "bootstrap_high": [
        16.32633399963379,
        20.458065032958984,
        17.62700080871582,
        28.58318519592285,
        10938.728515625,
        59938.59375,
        116.61540222167969,
        51.2607307434082,
        36.39215087890625,
        27.10088539123535,
        19.325746536254883,
        19.862672805786133,
        22.491119384765625,
        16.681232452392578,
        20.264623641967773,
        20.409435272216797,
        19.338054656982422,
        17.24703025817871,
        14.242559432983398,
        12.907363891601562,
        15.433755874633789
      ]
    },